{"open":63646.6143920595,"high":65540.99,"low":62257.358,"close":64458.15,"volume":6.859756857,"trade_count":154.0,"vwap":64137.9510290295}
{"open":64443.556,"high":65468.397,"low":60483.0615,"close":61498.19,"volume":2.801765651,"trade_count":122.0,"vwap":62492.0215430517}
{"open":61503.845,"high":62136.7905,"low":59892.1345,"close":60525.7165,"volume":1.209296136,"trade_count":116.0,"vwap":60757.1811250509}
{"open":60530.43,"high":61055.082,"low":52406.947890818,"close":53561.013,"volume":8.175886259,"trade_count":247.0,"vwap":55949.8143798043}
{"open":53510.0185,"high":56281.4665,"low":49131.513647642,"close":55514.85,"volume":16.774932619,"trade_count":514.0,"vwap":53026.6506715027}
{"open":55535.6,"high":57311.267,"low":54497.23,"close":57106.8775,"volume":7.424919968,"trade_count":247.0,"vwap":56073.8543078169}
{"open":57120.11,"high":57721.9535,"low":54607.0865,"close":56793.378,"volume":4.841516529,"trade_count":176.0,"vwap":56250.2951480741}
{"open":56800.6055,"high":62758.5,"low":56756.977,"close":60766.334,"volume":4.071814625,"trade_count":184.0,"vwap":59215.2873642839}
{"open":60782.1,"high":61443.27,"low":59580.759,"close":60444.095,"volume":1.767743395,"trade_count":129.0,"vwap":60593.3355934407}
{"open":60432.2805,"high":61385.2605,"low":60353.872,"close":60915.18,"volume":0.806136963,"trade_count":96.0,"vwap":60674.1437320525}
{"open":60943.626,"high":61813.85,"low":58164.3555,"close":58532.8555,"volume":2.143915306,"trade_count":104.0,"vwap":60168.7873954518}
{"open":58562.355,"high":60546.845,"low":57693.6135,"close":59228.225,"volume":1.630340607,"trade_count":506.0,"vwap":59445.3339327094}
{"open":59195.65,"high":61592.28,"low":58465.3,"close":60954.22,"volume":0.90280992,"trade_count":167.0,"vwap":60373.2974217714}
{"open":60917.595,"high":61562.995,"low":58095.446,"close":58428.292,"volume":1.72119903,"trade_count":473.0,"vwap":59822.2962350415}
{"open":58451.4525,"high":59854.295,"low":56163.38,"close":58266.07,"volume":1.998776404,"trade_count":161.0,"vwap":58187.178324831}
{"open":58278.5685,"high":59932.0,"low":57541.17,"close":59245.2,"volume":0.535146068,"trade_count":2289.0,"vwap":58662.563578403}
{"open":59223.275,"high":60223.8,"low":59097.002,"close":59467.6165,"volume":0.237394243,"trade_count":56.0,"vwap":59478.2075473267}
{"open":59453.421,"high":60233.78,"low":58255.9,"close":58565.35,"volume":0.784337997,"trade_count":491.0,"vwap":59620.0428983061}
{"open":58592.0535,"high":61028.4,"low":57871.525,"close":60916.97,"volume":1.140162093,"trade_count":736.0,"vwap":58679.8128196362}
{"open":60951.83,"high":61400.0,"low":58624.669,"close":59368.45,"volume":1.262922462,"trade_count":2034.0,"vwap":60473.2267093979}
{"open":59417.9625,"high":61835.08,"low":58872.3545,"close":60784.3045,"volume":1.449200702,"trade_count":882.0,"vwap":60239.8111220324}
{"open":60815.366,"high":61421.794,"low":60127.51,"close":60704.502,"volume":0.893169091,"trade_count":79.0,"vwap":60698.2876052058}
{"open":60720.1295,"high":64976.3,"low":60720.1295,"close":63934.615,"volume":3.968116987,"trade_count":149.0,"vwap":63162.9297750068}
{"open":63937.9445,"high":64528.57,"low":63565.94,"close":64170.1835,"volume":2.874838187,"trade_count":90.0,"vwap":64241.2233064531}
{"open":64185.6815,"high":64944.155,"low":63825.2795,"close":64032.05,"volume":0.903416336,"trade_count":54.0,"vwap":64114.0596631796}
{"open":64045.443,"high":64079.22,"low":62691.085,"close":63057.97,"volume":1.406598484,"trade_count":78.0,"vwap":63245.1830400099}
{"open":63078.21,"high":63214.3,"low":58150.18,"close":59296.2815,"volume":9.67815479,"trade_count":156.0,"vwap":60206.5826426669}
{"open":59305.525,"high":60236.122,"low":57883.6925,"close":59208.077,"volume":1.696065661,"trade_count":142.0,"vwap":58635.931436979}
{"open":59184.253,"high":61155.555,"low":58835.2635,"close":59033.315,"volume":2.275336992,"trade_count":136.0,"vwap":60154.4530043103}
{"open":59013.55,"high":59802.15,"low":57898.005,"close":59333.505,"volume":0.78913997,"trade_count":109.0,"vwap":59111.327733759}
{"open":59327.8,"high":59327.8,"low":58282.4,"close":58427.75,"volume":0.988837679,"trade_count":57.0,"vwap":58997.3830538862}
